Condition,google_product_category,store_code,vehicle_fulfillment(option:store_code),Brand,Model,Year,Color,Mileage,Price,VIN,image_link,link_template
Used,123,xpremium,in_store:premium,HYUNDAI,,2019,Gray,64406,16900,5NMS2CAD5KH041586,https://premiumcarsfl.com/wp-content/uploads/2023/09/HYUNDAISANTAFE-041586-02.jpg,https://premiumcarsfl.com/listing/2019-hyundai-santa-fe-se-2-4l-awd-4dr-crossover/?store=xpremium
Used,123,xpremium,in_store:premium,HYUNDAI,ELANTRA,2020,White,53207,14900,5NPD84LF8LH630339,https://premiumcarsfl.com/wp-content/uploads/2023/09/HYUNDAIELANTRA2020-630339-02.jpg,https://premiumcarsfl.com/listing/2020-hyundai-elantra-sel-4dr-sedan/?store=xpremium
Used,123,xpremium,in_store:premium,HONDA,FIT,2019,Gray,85300,12900,3HGGK5H46KM726203,https://premiumcarsfl.com/wp-content/uploads/2023/09/HONDAFIT2019-726203-02.jpg,https://premiumcarsfl.com/listing/2019-honda-fit-lx-4dr-hatchback-cvt/?store=xpremium
Used,123,xpremium,in_store:premium,HONDA,CIVIC,2019,Black,19919,19900,JHMFE1F77NX007658,https://premiumcarsfl.com/wp-content/uploads/2023/09/HONDACIVIC2022-007658-02.jpg,https://premiumcarsfl.com/listing/2022-honda-civic-ex-4dr-sedan/?store=xpremium
Used,123,xpremium,in_store:premium,HONDA,CIVIC,2019,White,36062,29900,SHHFK8G73KU202534,https://premiumcarsfl.com/wp-content/uploads/2023/09/SHHFK8G73KU202534-02.jpg,https://premiumcarsfl.com/listing/2019-honda-civic-type-r-4dr-hatchback/?store=xpremium
Used,123,xpremium,in_store:premium,HONDA,ACCORD,2019,Black,100302,17900,1HGCV1F35KA086507,https://premiumcarsfl.com/wp-content/uploads/2023/09/HONDA-ACCORD086507-02.jpg,https://premiumcarsfl.com/listing/2019-honda-accord-sport-4dr-sedan/?store=xpremium
Used,123,xpremium,in_store:premium,FORD,FUSION,2019,Red,60476,14900,3FA6P0HD9KR159458,https://premiumcarsfl.com/wp-content/uploads/2023/09/fordfusion2019-02.jpg,https://premiumcarsfl.com/listing/2019-ford-fusion-se-sedan-4d/?store=xpremium
Used,123,xpremium,in_store:premium,DODGE,CHARGER,2019,Black,70586,17900,2C3CDXBG8KH724963,https://premiumcarsfl.com/wp-content/uploads/2023/09/2.Dodgecharger2019.jpg,https://premiumcarsfl.com/listing/2019-dodge-charger-sxt-4dr-sedan/?store=xpremium
Used,123,xpremium,in_store:premium,DODGE,CHALLENGER,2019,Gray,79380,19900,2C3CDZBT9KH530001,https://premiumcarsfl.com/wp-content/uploads/2023/09/2C3CDZBT9KH530001-02.jpg,https://premiumcarsfl.com/listing/2019-dodge-challenger-r-t-2dr-coupe/?store=xpremium
Used,123,xpremium,in_store:premium,CHEVROLET,EQUINOX,2018,Red,122211,11995,2GNAXJEV0J6241986,https://premiumcarsfl.com/wp-content/uploads/2023/09/2-4.jpg,https://premiumcarsfl.com/listing/2018-chevrolet-equinox-lt-4dr-suv/?store=xpremium
Used,123,xpremium,in_store:premium,CHEVROLET,TRAVERSE,2019,White,73061,19900,1GNERKKW1KJ106115,https://premiumcarsfl.com/wp-content/uploads/2023/09/CHEVROLETTRAVERSE2019-106115-.jpg,https://premiumcarsfl.com/listing/2019-chevrolet-traverse-premier-4dr-suv/?store=xpremium
Used,123,xpremium,in_store:premium,CHEVROLET,EQUINOX,2020,Blue,67920,16900,2GNAXJEV5L6204130,https://premiumcarsfl.com/wp-content/uploads/2023/09/3-3.jpg,https://premiumcarsfl.com/listing/2020-chevrolet-equinox-lt-sport-utility-4d/?store=xpremium
Used,123,xpremium,in_store:premium,CHEVROLET,EQUINOX,2019,White,77207,14900,3GNAXKEV7KS553554,https://premiumcarsfl.com/wp-content/uploads/2023/09/2-1.jpg,https://premiumcarsfl.com/listing/2019-chevrolet-equinox-lt-4dr-suv/?store=xpremium
Used,123,xpremium,in_store:premium,CHEVROLET,BLAZER,2020,Silver,58394,13200,3GNCJKSB0LL200492,https://premiumcarsfl.com/wp-content/uploads/2023/09/CHEVROLETTRAX2020-200492-3.jpg,https://premiumcarsfl.com/listing/2020-chevrolet-trax-ls-4dr-crossover/?store=xpremium
Used,123,xpremium,in_store:premium,TOYOTA,COROLLA,2022,Blue,17166,16900,5YFS4MCE8NP118936,https://premiumcarsfl.com/wp-content/uploads/2023/09/TOYOTACOROLLA2022-118936-02.jpg,https://premiumcarsfl.com/listing/2022-toyota-corolla-se-4dr-sedan/?store=xpremium
Used,123,xpremium,in_store:premium,TOYOTA,COROLLA,2018,Gray,73334,11900,2T1BURHE8JC971997,https://premiumcarsfl.com/wp-content/uploads/2023/09/V02.jpg,https://premiumcarsfl.com/listing/2018-toyota-corolla-le-4dr-sedan/?store=xpremium
Used,123,xpremium,in_store:premium,TOYOTA,COROLLA,2021,Blue,32462,17900,JTDEPMAE9MJ168111,https://premiumcarsfl.com/wp-content/uploads/2023/09/TOYOTACOROLLA2021-168111-02.jpg,https://premiumcarsfl.com/listing/2021-toyota-corolla-le-4dr-sedan/?store=xpremium
Used,123,xpremium,in_store:premium,NISSAN,SENTRA,2021,Orange,30137,16900,3N1AB8DV1MY319506,https://premiumcarsfl.com/wp-content/uploads/2023/09/NISSANSENTRA2021-319506-02.jpg,https://premiumcarsfl.com/listing/2021-nissan-sentra-sr-4dr-sedan/?store=xpremium
Used,123,xpremium,in_store:premium,NISSAN,ALTIMA,2021,White,54632,18900,1N4BL4CW6MN314175,https://premiumcarsfl.com/wp-content/uploads/2023/09/NISSANALTIMA2021-314175-02.jpg,https://premiumcarsfl.com/listing/2021-nissan-altima-2-5-sr-awd-4dr-sedan/?store=xpremium
Used,123,xpremium,in_store:premium,AUDI,,2016,Black,106895,18900,JTJYARBZ1G2030989,https://premiumcarsfl.com/wp-content/uploads/2023/09/LEXUSXNX2016-30989-02.jpg,https://premiumcarsfl.com/listing/2016-lexus-nx-200t-base-4dr-crossover/?store=xpremium
Used,123,xpremium,in_store:premium,KIA,FORTE,2016,Red,121412,7995,5XYPH4A53GG006369,https://premiumcarsfl.com/wp-content/uploads/2023/09/KIASORENTO2016-006369-02.jpg,https://premiumcarsfl.com/listing/2016-kia-sorento-ex-v6-4dr-suv/?store=xpremium
Used,123,xpremium,in_store:premium,HYUNDAI,ACCENT,2022,White,3857,16400,3KPC24A69NE160622,https://premiumcarsfl.com/wp-content/uploads/2023/09/2022-hyundai-accent-se-4dr-sedan.jpg,https://premiumcarsfl.com/listing/2022-hyundai-accent-se-4dr-sedan/?store=xpremium
Used,123,xpremium,in_store:premium,HYUNDAI,ACCENT,2019,Silver,62776,11900,3KPC24A31KE047765,https://premiumcarsfl.com/wp-content/uploads/2023/09/HYUNDAIACCENT2019-P047765-2.jpg,https://premiumcarsfl.com/listing/2019-hyundai-accent-se-4dr-sedan-6a/?store=xpremium
Used,123,xpremium,in_store:premium,HYUNDAI,ELANTRA,2020,Red,43065,15900,5NPD84LF2LH566198,https://premiumcarsfl.com/wp-content/uploads/2023/09/HYUNDAIELANTRA2020-P566198-2.jpg,https://premiumcarsfl.com/listing/2020-hyundai-elantra-sel-4dr-sedan-2/?store=xpremium
Used,123,xpremium,in_store:premium,HYUNDAI,ACCENT,2020,Gray,4745,14900,3KPC24A64LE118291,https://premiumcarsfl.com/wp-content/uploads/2023/09/HYUNDAIACCENT20202-P118291-2.jpg,https://premiumcarsfl.com/listing/2020-hyundai-accent-se-4dr-sedan-cvt/?store=xpremium
Used,123,xpremium,in_store:premium,HONDA,ACCORD,2017,Gray,73687,15200,SHHFK7G2XHU207494,https://premiumcarsfl.com/wp-content/uploads/2023/09/HONDACIVIC2017-P207494-2.jpg,https://premiumcarsfl.com/listing/2017-honda-civic-lx-4dr-hatchback-6m/?store=xpremium
Used,123,xpremium,in_store:premium,FORD,EXPLORER,2017,Black,109375,11900,1FM5K7D88HGA99996,https://premiumcarsfl.com/wp-content/uploads/2023/09/2-9.jpg,https://premiumcarsfl.com/listing/2017-ford-explorer-xlt-4dr-suv/?store=xpremium
Used,123,xpremium,in_store:premium,FORD,EDGE,2018,,118338,11900,2FMPK3J98JBC18657,https://premiumcarsfl.com/wp-content/uploads/2023/09/FORDEDGE2018-PC18657-2.jpg,https://premiumcarsfl.com/listing/2018-ford-edge-sel-4dr-crossover/?store=xpremium
Used,123,xpremium,in_store:premium,FORD,F150,2020,Gray,23556,25900,1FTEW1E4XLKF31463,https://premiumcarsfl.com/wp-content/uploads/2023/09/FORDF150XLT4X4-REB31463-2.jpg,https://premiumcarsfl.com/listing/2020-ford-f-150-xlt-4x4-4dr-supercrew/?store=xpremium
Used,123,xpremium,in_store:premium,DODGE,CHARGER,2016,Black,134134,11995,2C3CDXBG5GH110038,https://premiumcarsfl.com/wp-content/uploads/2023/09/DODGECHARGER2016-110038-2.jpg,https://premiumcarsfl.com/listing/2016-dodge-charger-se-4dr-sedan/?store=xpremium
Used,123,xpremium,in_store:premium,FORD,F150,2018,White,22106,17900,NM0LS7E70J1365809,https://premiumcarsfl.com/wp-content/uploads/2023/09/2-6.jpg,https://premiumcarsfl.com/listing/2018-ford-transit-connect-xl-4dr-lwb-cargo-mini-van-w-rear-doors/?store=xpremium
Used,123,xpremium,in_store:premium,FORD,F150,2017,White,119168,12900,NM0GS9E74H1307662,https://premiumcarsfl.com/wp-content/uploads/2023/09/FORDTRANSITCONNECT2017-P307662-3.jpg,https://premiumcarsfl.com/listing/2017-ford-transit-connect-xl-4dr-lwb-mini-van-w-rear-cargo-doors/?store=xpremium
Used,123,xpremium,in_store:premium,DODGE,JOURNEY,2019,Gray,70300,14900,3C4PDDGG0KT708297,https://premiumcarsfl.com/wp-content/uploads/2023/09/3-5.jpg,https://premiumcarsfl.com/listing/2019-dodge-journey-crossroad-awd-4dr-suv/?store=xpremium
Used,123,xpremium,in_store:premium,NISSAN,VERSA,2021,Gray,33244,13900,3N1CN8EV1ML865556,https://premiumcarsfl.com/wp-content/uploads/2023/09/NISSANVERSA2021-P865556-2.jpg,https://premiumcarsfl.com/listing/7131/?store=xpremium
Used,123,xpremium,in_store:premium,MITSUBISHI,"OUTLANDER SPORT",2018,Blue,158223,8900,JA4AP3AU7JU024447,https://premiumcarsfl.com/wp-content/uploads/2023/09/MITSUBISHIOUTLANDER2018-P024447-2.jpg,https://premiumcarsfl.com/listing/2018-mitsubishi-outlander-sport-es-4dr-crossover-5m/?store=xpremium
Used,123,xpremium,in_store:premium,MAZDA,CX-5,2019,Black,82293,15900,JM3KFACM5K0546539,https://premiumcarsfl.com/wp-content/uploads/2023/09/MAZDACX52019-P546539-2.jpg,https://premiumcarsfl.com/listing/2019-mazda-cx-5-touring-4dr-suv-2/?store=xpremium
Used,123,xpremium,in_store:premium,KIA,FORTE,2021,Silver,65266,14900,3KPF24AD9ME291351,https://premiumcarsfl.com/wp-content/uploads/2023/09/KIAFORTE2012-P291351-2.jpg,https://premiumcarsfl.com/listing/2021-kia-forte-lxs-4dr-sedan/?store=xpremium
Used,123,xpremium,in_store:premium,KIA,FORTE,2022,Gray,11472,17900,3KPF24AD4NE483553,https://premiumcarsfl.com/wp-content/uploads/2023/09/KIAFORTE2022-P483553-2.jpg,https://premiumcarsfl.com/listing/2022-kia-forte-lxs-4dr-sedan/?store=xpremium
Used,123,xpremium,in_store:premium,JEEP,CHEROKEE,2016,Black,117161,8900,1C4PJLAB2GW136442,https://premiumcarsfl.com/wp-content/uploads/2023/09/JEEPCHEROKEE2016-P136442-2.jpg,https://premiumcarsfl.com/listing/2016-jeep-cherokee-sport-4dr-suv/?store=xpremium
Used,123,xpremium,in_store:premium,JEEP,CHEROKEE,2017,Gray,52050,12900,1C4PJLAB6HW654734,https://premiumcarsfl.com/wp-content/uploads/2023/09/JEEPCHEROKEE2017-P654734-2.jpg,https://premiumcarsfl.com/listing/2017-jeep-cherokee-sport-altitude-4dr-suv/?store=xpremium
Used,123,xpremium,in_store:premium,JEEP,COMPASS,2021,Black,39722,17700,3C4NJCBB2MT581027,https://premiumcarsfl.com/wp-content/uploads/2023/09/JEEPCOMPASS2021-P581027-2.jpg,https://premiumcarsfl.com/listing/2021-jeep-compass-altitude-4dr-suv/?store=xpremium
Used,123,xpremium,in_store:premium,HYUNDAI,ACCENT,2017,Red,77479,12900,KM8SM4HF3HU169409,https://premiumcarsfl.com/wp-content/uploads/2023/09/HYUNDAISANTAFE2019-P169409-2.jpg,https://premiumcarsfl.com/listing/2017-hyundai-santa-fe-se-4dr-suv/?store=xpremium
Used,123,xpremium,in_store:premium,HYUNDAI,ACCENT,2019,Gray,42461,17995,5NMS23AD0KH091411,https://premiumcarsfl.com/wp-content/uploads/2023/09/HYUNDAISANTAFE2019-REB091411-2.jpg,https://premiumcarsfl.com/listing/2019-hyundai-santa-fe-se-2-4l-4dr-crossover/?store=xpremium
Used,123,xpremium,in_store:premium,HYUNDAI,ELANTRA,2021,Black,40570,16900,5NPLL4AG7MH040673,https://premiumcarsfl.com/wp-content/uploads/2023/09/HYUNDAIELANTRA2021-P040673-2.jpg,https://premiumcarsfl.com/listing/2021-hyundai-elantra-se-4dr-sedan/?store=xpremium
Used,123,xpremium,in_store:premium,HYUNDAI,ELANTRA,2020,White,56986,14900,5NPD84LF8LH630311,https://premiumcarsfl.com/wp-content/uploads/2023/09/2020-hyundai-elantra-sel-4dr-sedan.jpg,https://premiumcarsfl.com/listing/2020-hyundai-elantra-sel-4dr-sedan-3/?store=xpremium
Used,123,xpremium,in_store:premium,TOYOTA,COROLLA,2021,White,57523,16900,5YFEPMAE3MP244241,https://premiumcarsfl.com/wp-content/uploads/2023/10/5YFEPMAE3MP244241-02.jpg,https://premiumcarsfl.com/listing/2021-toyota-corolla-le-4dr-sedan-2/?store=xpremium
Used,123,xpremium,in_store:premium,VOLKSWAGEN,JETTA,2019,Silver,101096,10900,3VWC57BU9KM220662,https://premiumcarsfl.com/wp-content/uploads/2023/09/VOLKSWAGENJETTA2019-P220662-2.jpg,https://premiumcarsfl.com/listing/2019-volkswagen-jetta-se-4dr-sedan-2/?store=xpremium
Used,123,xpremium,in_store:premium,TOYOTA,CAMRY,2017,Gray,75113,12900,4T1BF1FK3HU660426,https://premiumcarsfl.com/wp-content/uploads/2023/09/TOYOTACAMRY2017-REB660426-2.jpg,https://premiumcarsfl.com/listing/2017-toyota-camry-le-4dr-sedan/?store=xpremium
Used,123,xpremium,in_store:premium,NISSAN,"ROGUE SPORT",2019,Gray,117497,11900,JN1BJ1CP3KW232230,https://premiumcarsfl.com/wp-content/uploads/2023/09/V2.jpg,https://premiumcarsfl.com/listing/2019-nissan-rogue-sport-4dr-crossover/?store=xpremium
Used,123,xpremium,in_store:premium,NISSAN,SENTRA,2020,Silver,34679,13900,3N1AB8CVXLY289745,https://premiumcarsfl.com/wp-content/uploads/2023/09/NISSANSENTRA2020-REB289745-2.jpg,https://premiumcarsfl.com/listing/2020-nissan-sentra-sv-4dr-sedan/?store=xpremium
Used,123,xpremium,in_store:premium,NISSAN,"ROGUE SPORT",2017,Gray,134759,10900,JN1BJ1CR0HW119345,https://premiumcarsfl.com/wp-content/uploads/2023/09/NISSANROGUESPORT2017-P119345-2.jpg,https://premiumcarsfl.com/listing/2017-nissan-rogue-sport-sl-awd-4dr-crossover/?store=xpremium
Used,123,xpremium,in_store:premium,NISSAN,KICKS,2020,Blue,72379,14900,3N1CP5CV6LL500221,https://premiumcarsfl.com/wp-content/uploads/2023/09/NISSANKICKS2020-3N1CP5CV6LL500221-2.jpg,https://premiumcarsfl.com/listing/2020-nissan-kicks-sv-4dr-crossover/?store=xpremium
Used,123,xpremium,in_store:premium,NISSAN,VERSA,2022,Silver,13830,14900,3N1CN8EV0NL833778,https://premiumcarsfl.com/wp-content/uploads/2023/09/NISSANVERSA2022-P833778-2.jpg,https://premiumcarsfl.com/listing/2022-nissan-versa-sv-4dr-sedan/?store=xpremium
Used,123,xpremium,in_store:premium,NISSAN,VERSA,2020,Silver,34008,14900,3N1CN8DV4LL913468,https://premiumcarsfl.com/wp-content/uploads/2023/09/NISSANVERSA2021-REB134681-2.jpg,https://premiumcarsfl.com/listing/2020-nissan-versa-s-4dr-sedan-cvt/?store=xpremium
Used,123,xpremium,in_store:premium,NISSAN,VERSA,2021,Silver,32843,14900,3N1CN8DV4ML818135,https://premiumcarsfl.com/wp-content/uploads/2023/09/2-12.jpg,https://premiumcarsfl.com/listing/2021-nissan-versa-s-4dr-sedan-cvt/?store=xpremium
Used,123,xpremium,in_store:premium,NISSAN,ALTIMA,2020,Silver,9607,17900,1N4BL4DV0LC274675,https://premiumcarsfl.com/wp-content/uploads/2023/09/1N4BL4DV0LC274675-02.jpg,https://premiumcarsfl.com/listing/2020-nissan-altima-2-5-sv-4dr-sedan/?store=xpremium
Used,123,xpremium,in_store:premium,NISSAN,VERSA,2021,Gray,51976,14900,3N1CN8EV3ML863405,https://premiumcarsfl.com/wp-content/uploads/2023/09/NISSANVERSA2021-P863405-2.jpg,https://premiumcarsfl.com/listing/2021-nissan-versa-sv-4dr-sedan/?store=xpremium
Used,123,xpremium,in_store:premium,RAM,,2016,White,152696,13900,1C6RR7GG8GS228424,https://premiumcarsfl.com/wp-content/uploads/2023/10/RAM1500-1026-P228424-02.jpg,https://premiumcarsfl.com/listing/2016-ram-1500-slt-4x4-4dr-quad-cab-6-3-ft-sb-pickup/?store=xpremium
Used,123,xpremium,in_store:premium,RAM,1500,2018,White,161625,19900,3C6UR5HJ7JG284278,https://premiumcarsfl.com/wp-content/uploads/2023/10/RAM2500-2018-P284278-02.jpg,https://premiumcarsfl.com/listing/2018-ram-2500-tradesman-4x4-4dr-crew-cab-8-ft-lb-pickup/?store=xpremium
Used,123,xpremium,in_store:premium,RAM,,2015,Red,119421,12995,3C6JR6AT5FG525198,https://premiumcarsfl.com/wp-content/uploads/2023/10/RAM1500-2015-P525198-02.jpg,https://premiumcarsfl.com/listing/2015-ram-1500-express-4x2-2dr-regular-cab-6-3-ft-sb-pickup/?store=xpremium
Used,123,xpremium,in_store:premium,FORD,EXPLORER,2016,White,73227,14995,1FM5K7DH5GGC64501,https://premiumcarsfl.com/wp-content/uploads/2023/10/FORDEXPLORER2016-PC64501-02.jpg,https://premiumcarsfl.com/listing/7953/?store=xpremium
Used,123,xpremium,in_store:premium,DODGE,JOURNEY,2015,Black,92498,6900,3C4PDCAB7FT738684,https://premiumcarsfl.com/wp-content/uploads/2023/10/DODGEJOURNEY2015-P738684-02.jpg,https://premiumcarsfl.com/listing/2015-dodge-journey-american-value-package-4dr-suv/?store=xpremium
Used,123,xpremium,in_store:premium,HYUNDAI,"SANTA FE",2017,Black,112082,14900,KM8SR4HFXHU166850,https://premiumcarsfl.com/wp-content/uploads/2023/10/JYUNDAISANTAFE-2017-P166850-02.jpg,https://premiumcarsfl.com/listing/2017-hyundai-santa-fe-limited-ultimate-sport-utility-4d/?store=xpremium
Used,123,xpremium,in_store:premium,FORD,F150,2016,White,149041,13900,1FTNF1CG1GKF06504,https://premiumcarsfl.com/wp-content/uploads/2023/10/FORDF150-2016-PF06504-02.jpg,https://premiumcarsfl.com/listing/2016-ford-f-150-xl-4x2-2dr-regular-cab-8-ft-lb/?store=xpremium
Used,123,xpremium,in_store:premium,FORD,F150,2018,Blue,100015,25900,1FTEW1EG7JFA16288,https://premiumcarsfl.com/wp-content/uploads/2023/10/1FTEW1EG7JFA16288-02.jpg,https://premiumcarsfl.com/listing/2018-ford-f-150-xlt-4x4-4dr-supercrew-5-5-ft-sb/?store=xpremium
Used,123,xpremium,in_store:premium,KIA,SORENTO,2018,Silver,129767,9900,5XYPG4A57JG395270,https://premiumcarsfl.com/wp-content/uploads/2023/10/KIASPRENTO2018-P395270-02.jpg,https://premiumcarsfl.com/listing/7679/?store=xpremium
Used,123,xpremium,in_store:premium,CHEVROLET,MALIBU,2016,Blue,113888,8900,1G1ZE5STXGF190841,https://premiumcarsfl.com/wp-content/uploads/2023/10/CHEVROLETMALIBU2016-P190841-02.jpg,https://premiumcarsfl.com/listing/2016-chevrolet-malibu-lt-4dr-sedan-w-1lt/?store=xpremium
Used,123,xpremium,in_store:premium,GMC,TERRAIN,2018,Black,72251,16900,3GKALMEV9JL139981,https://premiumcarsfl.com/wp-content/uploads/2023/10/GMCTERRAIN2018-P39981-02.jpg,https://premiumcarsfl.com/listing/2018-gmc-terrain-sle-4dr-suv/?store=xpremium
Used,123,xpremium,in_store:premium,AUDI,,2017,Red,95052,14900,WA1BCCFS8HR007743,https://premiumcarsfl.com/wp-content/uploads/2023/10/AUDIQ320017-P007743-02.jpg,https://premiumcarsfl.com/listing/2017-audi-q3-2-0t-premium-4dr-suv/?store=xpremium
Used,123,xpremium,in_store:premium,HYUNDAI,"SANTA FE",2008,Red,154011,3900,5NMSG13D88H149972,https://premiumcarsfl.com/wp-content/uploads/2023/10/2008HYUNDAISANTAFE-P149972-02.jpg,https://premiumcarsfl.com/listing/2008-hyundai-santa-fe-gls-sport-utility-4d/?store=xpremium
Used,123,xpremium,in_store:premium,MITSUBISHI,,2017,Red,42106,7900,ML32F3FJ8HHF05909,https://premiumcarsfl.com/wp-content/uploads/2023/10/2012MITSUBISHIMIRAGEG4-PF05909-02.jpg,https://premiumcarsfl.com/listing/2017-mitsubishi-mirage-g4-es-4dr-sedan/?store=xpremium
Used,123,xpremium,in_store:premium,KIA,RIO,2019,Black,120726,7900,3KPA24AB7KE186717,https://premiumcarsfl.com/wp-content/uploads/2023/10/3KPA24AB7KE186717-02.jpg,https://premiumcarsfl.com/listing/2019-kia-rio-lx-4dr-sedan/?store=xpremium
Used,123,xpremium,in_store:premium,CHEVROLET,CRUZE,2014,Silver,94988,6995,1G1PE5SB6E7311452,https://premiumcarsfl.com/wp-content/uploads/2023/10/1G1PE5SB6E7311452-02.jpg,https://premiumcarsfl.com/listing/2014-chevrolet-cruze-2lt-auto/?store=xpremium
Used,123,xpremium,in_store:premium,TOYOTA,COROLLA,2021,Red,64947,16900,5YFEPMAE9MP185762,https://premiumcarsfl.com/wp-content/uploads/2023/10/5YFEPMAE9MP185762-02.jpg,https://premiumcarsfl.com/listing/2021-toyota-corolla-le-4dr-sedan-3/?store=xpremium
Used,123,xpremium,in_store:premium,TOYOTA,4RUNNER,2013,Black,147791,17900,JTEZU5JR0D5050598,https://premiumcarsfl.com/wp-content/uploads/2023/10/JTEZU5JR0D5050598-02.jpg,https://premiumcarsfl.com/listing/8401/?store=xpremium
Used,123,xpremium,in_store:premium,HONDA,CIVIC,2020,White,44340,17900,2HGFC2F62LH546471,https://premiumcarsfl.com/wp-content/uploads/2023/10/2020HONDACIVIC-P546471-02.jpg,https://premiumcarsfl.com/listing/2020-honda-civic-lx-4dr-sedan-cvt/?store=xpremium
Used,123,xpremium,in_store:premium,HONDA,CIVIC,2020,White,46696,18900,2HGFC2F82LH578046,https://premiumcarsfl.com/wp-content/uploads/2023/10/2HGFC2F82LH578046-02.jpg,https://premiumcarsfl.com/listing/2020-honda-civic-sport-4dr-sedan-cvt-2/?store=xpremium
Used,123,xpremium,in_store:premium,FORD,ESCAPE,2013,White,115726,6900,1FMCU0GX5DUA80412,https://premiumcarsfl.com/wp-content/uploads/2023/10/FORDESCAPE2013-A80412-3.jpg,https://premiumcarsfl.com/listing/2013-ford-escape-se-4dr-suv/?store=xpremium
Used,123,xpremium,in_store:premium,KIA,FORTE,2016,Blue,101046,7995,KNDMB5C17G6151518,https://premiumcarsfl.com/wp-content/uploads/2023/10/KIASEDONA2016-P6151518-02.jpg,https://premiumcarsfl.com/listing/2016-kia-sedona-lx-4dr-mini-van/?store=xpremium
Used,123,xpremium,in_store:premium,HONDA,ACCORD,2020,Gray,64938,18995,1HGCV1F10LA102080,https://premiumcarsfl.com/wp-content/uploads/2023/10/HONDAACCORD-2020-P102080-02.jpg,https://premiumcarsfl.com/listing/2020-honda-accord-lx-4dr-sedan/?store=xpremium
Used,123,xpremium,in_store:premium,NISSAN,ROGUE,2013,Silver,115198,5900,JN8AS5MTXDW541791,https://premiumcarsfl.com/wp-content/uploads/2023/10/2013NissanRogue-P541791-2702.jpg,https://premiumcarsfl.com/listing/2013-nissan-rogue-s-sport-utility-4d/?store=xpremium
Used,123,xpremium,in_store:premium,NISSAN,SENTRA,2021,Gray,33014,18900,3N1AB8CV4MY318013,https://premiumcarsfl.com/wp-content/uploads/2023/10/3N1AB8CV4MY318013-02.jpg,https://premiumcarsfl.com/listing/2021-nissan-sentra-sv-4dr-sedan/?store=xpremium
Used,123,xpremium,in_store:premium,NISSAN,PATHFINDER,2015,Blue,96911,10995,5N1AR2MM7FC710602,https://premiumcarsfl.com/wp-content/uploads/2023/10/5N1AR2MM7FC710602-02.jpg,https://premiumcarsfl.com/listing/2015-nissan-pathfinder-s-4dr-suv/?store=xpremium
Used,123,xpremium,in_store:premium,FORD,F150,2017,White,81889,16900,1FTMF1C82HKC27536,https://premiumcarsfl.com/wp-content/uploads/2023/10/IFTMFICA2HKC27536-02-1.jpg,https://premiumcarsfl.com/listing/2017-ford-f-150-xl-4x2-2dr-regular-cab-8-ft-lb/?store=xpremium
Used,123,xpremium,in_store:premium,FORD,FUSION,2018,Black,108383,12900,3FA6P0D93JR155177,https://premiumcarsfl.com/wp-content/uploads/2023/10/3FA6P0D93JR155177-02.jpg,https://premiumcarsfl.com/listing/8995/?store=xpremium
Used,123,xpremium,in_store:premium,AUDI,"GRAN CARAVAN",2018,White,112306,10900,2C4RDGEG1JR240966,https://premiumcarsfl.com/wp-content/uploads/2023/10/2C4RDGEG1JR240966-02.jpg,https://premiumcarsfl.com/listing/2018-dodge-grand-caravan-gt-4dr-mini-van/?store=xpremium
Used,123,xpremium,in_store:premium,"MERCEDES BENZ",,2017,Silver,58114,19900,WDDSJ4EB2HN469067,https://premiumcarsfl.com/wp-content/uploads/2023/10/WDDSJ4EBZHN469067-02.jpg,https://premiumcarsfl.com/listing/2017-mercedes-benz-cla-250/?store=xpremium
Used,123,xpremium,in_store:premium,TOYOTA,RAV4,2017,Silver,68220,16900,2T3WFREV4HW391081,https://premiumcarsfl.com/wp-content/uploads/2023/10/2T3WFREV4HW391081-02.jpg,https://premiumcarsfl.com/listing/2017-toyota-rav4-xle-4dr-suv/?store=xpremium
Used,123,xpremium,in_store:premium,FORD,FUSION,2019,White,41119,16900,3FA6P0G78KR128326,https://premiumcarsfl.com/wp-content/uploads/2023/10/3FAGP0G78KR128326-04.jpg,https://premiumcarsfl.com/listing/2019-ford-fusion-s-4dr-sedan/?store=xpremium
Used,123,xpremium,in_store:premium,NISSAN,KICKS,2021,White,50200,17900,3N1CP5DV7ML489536,https://premiumcarsfl.com/wp-content/uploads/2023/10/3N1CP5DV7ML489536-02.jpg,https://premiumcarsfl.com/listing/2021-nissan-kicks-sr-4dr-crossover/?store=xpremium
Used,123,xpremium,in_store:premium,HONDA,ACCORD,2018,Silver,148978,13900,1HGCV1F34JA178626,https://premiumcarsfl.com/wp-content/uploads/2023/10/1HGCV1F34JA178626-03.jpg,https://premiumcarsfl.com/listing/2018-honda-accord-sport-4dr-sedan/?store=xpremium
Used,123,xpremium,in_store:premium,NISSAN,VERSA,2020,Black,67003,12900,3N1CN8DV0LL914522,https://premiumcarsfl.com/wp-content/uploads/2023/10/3N1CN8DV0LL914522-02.jpg,https://premiumcarsfl.com/listing/2020-nissan-versa-s-4dr-sedan-cvt-2/?store=xpremium
Used,123,xpremium,in_store:premium,HONDA,CIVIC,2018,Silver,64976,13900,19XFC2F56JE016289,https://premiumcarsfl.com/wp-content/uploads/2023/10/19XFC2F56JE016289-02.jpg,https://premiumcarsfl.com/listing/2018-honda-civic-lx-4dr-sedan-cvt/?store=xpremium
Used,123,xpremium,in_store:premium,FORD,F150,2019,Gray,98980,30900,1FTEX1CB6KKD98200,https://premiumcarsfl.com/wp-content/uploads/2023/10/1FTEX1CB6KKD98200-02.jpg,https://premiumcarsfl.com/listing/2019-ford-f-150-xlt-4x2-supercab/?store=xpremium
Used,123,xpremium,in_store:premium,CHEVROLET,TAHOE,2020,Black,114912,32900,1GNSCBKC8LR149654,https://premiumcarsfl.com/wp-content/uploads/2023/10/1GNSCBKC8LR149654-02.jpg,https://premiumcarsfl.com/listing/2020-chevrolet-tahoe-lt-4x2-4dr-suv/?store=xpremium
Used,123,xpremium,in_store:premium,CHEVROLET,MALIBU,2013,Gold,126340,5900,1G11B5SA0DF143964,https://premiumcarsfl.com/wp-content/uploads/2023/10/1GT1BSSAC0FIA0USA-02.jpg,https://premiumcarsfl.com/listing/2013-chevrolet-malibu-ls-sedan-4d/?store=xpremium
Used,123,xpremium,in_store:premium,DODGE,Dart,2015,Black,125990,5900,1C3CDFAA9FD432538,https://premiumcarsfl.com/wp-content/uploads/2023/10/1C3CDFAA9FD432538-02.jpg,https://premiumcarsfl.com/listing/2015-dodge-dart-se-4dr-sedan/?store=xpremium
Used,123,xpremium,in_store:premium,DODGE,,2017,Gray,102637,18900,1C4RDHDG9HC672182,https://premiumcarsfl.com/wp-content/uploads/2023/10/1C4RDHDG9HC672182-02.jpg,https://premiumcarsfl.com/listing/2015-ford-focus-se-4dr-sedan-2/?store=xpremium
Used,123,xpremium,in_store:premium,TOYOTA,RAV4,2017,Blue,74542,16900,JTMZFREV0HJ144636,https://premiumcarsfl.com/wp-content/uploads/2023/10/JTMZFREV0HJ144636-02.jpg,https://premiumcarsfl.com/listing/2017-toyota-rav4-le-4dr-suv/?store=xpremium
Used,123,xpremium,in_store:premium,KIA,SOUL,2020,Red,45643,14900,KNDJ23AU7L7721994,https://premiumcarsfl.com/wp-content/uploads/2023/10/CNDI23AU7L7721994-02.jpg,https://premiumcarsfl.com/listing/2020-kia-soul-s-wagon-4d/?store=xpremium
Used,123,xpremium,in_store:premium,TOYOTA,CAMRY,2021,White,48700,18900,4T1C11AK3MU562291,https://premiumcarsfl.com/wp-content/uploads/2023/10/4T1C11AK3MU562291-02.jpg,https://premiumcarsfl.com/listing/2021-toyota-camry-le-4dr-sedan/?store=xpremium
Used,123,xpremium,in_store:premium,AUDI,,,White,111336,18900,2C4RC1GG3JR170772,https://premiumcarsfl.com/wp-content/uploads/2023/10/2C4RC1GG3JR170772-02.jpg,https://premiumcarsfl.com/listing/2018-chrysler-pacifica-limited-4dr-mini-van/?store=xpremium
Used,123,xpremium,in_store:premium,SUBARU,IMPREZA,2015,Black,113053,7900,JF1GJAC65FH002506,https://premiumcarsfl.com/wp-content/uploads/2023/10/JFIGJAC65FH002506-02.jpg,https://premiumcarsfl.com/listing/2015-subaru-impreza-2-0i-premium-awd-4dr-sedan/?store=xpremium
Used,123,xpremium,in_store:premium,TOYOTA,COROLLA,2020,,48066,16900,SYFEPRAE8LP133518,https://premiumcarsfl.com/wp-content/uploads/2023/10/SYFEPRAE8LP133518-02.jpg,https://premiumcarsfl.com/listing/2020-toyota-corolla-le-sedan-4d/?store=xpremium
Used,123,xpremium,in_store:premium,TOYOTA,COROLLA,2018,Blue,95884,14900,5YFBURHE7JP825154,https://premiumcarsfl.com/wp-content/uploads/2023/10/5YFBURHE7JP825154-02.jpg,https://premiumcarsfl.com/listing/2018-toyota-corolla-se-4dr-sedan-cvt/?store=xpremium
Used,123,xpremium,in_store:premium,FORD,ESCAPE,2014,Gray,136937,5900,1FMCU0F76EUC51638,https://premiumcarsfl.com/wp-content/uploads/2023/11/1FMCU0F76EUC51638-02.jpg,https://premiumcarsfl.com/listing/2014-ford-escape-s-4dr-suv/?store=xpremium
Used,123,xpremium,in_store:premium,RAM,,2014,Silver,85592,13900,3C6JR6AT9EG101540,https://premiumcarsfl.com/wp-content/uploads/2023/11/3C6JR6AT9EG101540-02.jpg,https://premiumcarsfl.com/listing/2014-ram-1500-tradesman-4x2-2dr-regular-cab-6-3-ft-sb-pickup/?store=xpremium
Used,123,xpremium,in_store:premium,TOYOTA,COROLLA,2018,Silver,83407,13900,5YFBURHE2JP751738,https://premiumcarsfl.com/wp-content/uploads/2023/11/SYFBURHE2JP751738-02.jpg,https://premiumcarsfl.com/listing/2018-toyota-corolla-l-4dr-sedan/?store=xpremium
Used,123,xpremium,in_store:premium,KIA,SPORTAGE,2011,Orange,116283,7995,KNDPC3A67B7116283,https://premiumcarsfl.com/wp-content/uploads/2023/11/KNDPC3A67B7116283-02.jpg,https://premiumcarsfl.com/listing/2011-kia-sportage-sx-4dr-suv/?store=xpremium
Used,123,xpremium,in_store:premium,FORD,F150,2018,Red,81717,28900,1FTEW1EG5JFA07332,https://premiumcarsfl.com/wp-content/uploads/2023/10/1FTEW1EG5JFA07332-02.jpg,https://premiumcarsfl.com/listing/2018-ford-f-150-xlt-4x4-supercrew-5-5-ft-sb/?store=xpremium
Used,123,xpremium,in_store:premium,CHEVROLET,MALIBU,2017,Gold,79913,11900,1G1ZE5ST2HF198160,https://premiumcarsfl.com/wp-content/uploads/2023/10/1G1ZE5ST2HF198160-02.jpg,https://premiumcarsfl.com/listing/2017-chevrolet-malibu-lt-4dr-sedan/?store=xpremium
Used,123,xpremium,in_store:premium,CHEVROLET,MALIBU,2018,Red,85550,12900,1G1ZD5ST8JF204262,https://premiumcarsfl.com/wp-content/uploads/2023/10/1G1ZD5ST8JF204262-02.jpg,https://premiumcarsfl.com/listing/2018-chevrolet-malibu-lt-4dr-sedan/?store=xpremium
Used,123,xpremium,in_store:premium,DODGE,"GRAN CARAVAN",2020,Red,81802,17900,2C4RDGEG0LR199040,https://premiumcarsfl.com/wp-content/uploads/2023/10/2C4RDGEG0LR199040-02.jpg,https://premiumcarsfl.com/listing/2020-dodge-grand-caravan-gt-mini-van/?store=xpremium
Used,123,xpremium,in_store:premium,KIA,FORTE,2019,Black,107385,19900,KNAE15LA7K6064277,https://premiumcarsfl.com/wp-content/uploads/2023/10/KNAE15LA7K6061277-02.jpg,https://premiumcarsfl.com/listing/2016-toyota-corolla-le-4dr-sedan-2/?store=xpremium
Used,123,xpremium,in_store:premium,TOYOTA,COROLLA,2016,Black,111509,10900,2T1BURHE7GC693876,https://premiumcarsfl.com/wp-content/uploads/2023/10/2T1BURHE7GC693876-02.jpg,https://premiumcarsfl.com/listing/2016-toyota-corolla-le-4dr-sedan/?store=xpremium
Used,123,xpremium,in_store:premium,AUDI,,2018,Silver,75737,16900,JN1EV7AR5JM440581,https://premiumcarsfl.com/wp-content/uploads/2023/10/JNTEV7AR5JM440581-02.jpg,https://premiumcarsfl.com/listing/2018-infiniti-q50-luxe-awd-sedan/?store=xpremium
Used,123,xpremium,in_store:premium,HONDA,ACCORD,2019,White,146782,14900,1HGCV1F39KA126510,https://premiumcarsfl.com/wp-content/uploads/2023/10/1HGCV1F39KA126510-02.jpg,https://premiumcarsfl.com/listing/2019-honda-accord-sport-4dr-seda/?store=xpremium
Used,123,xpremium,in_store:premium,AUDI,,2020,Black,75014,17900,2C4RC1DG5LR151616,https://premiumcarsfl.com/wp-content/uploads/2023/11/2C4RC1DG5LR151616-02.jpg,https://premiumcarsfl.com/listing/2020-chrysler-voyager-lxi-4dr-mini-van/?store=xpremium
Used,123,xpremium,in_store:premium,NISSAN,ALTIMA,2018,Silver,151638,8900,1N4AL3AP1JC269915,https://premiumcarsfl.com/wp-content/uploads/2023/11/1N4AL3AP1JC269915-02.jpg,https://premiumcarsfl.com/listing/2018-nissan-altima-sv-sedan/?store=xpremium
Used,123,xpremium,in_store:premium,HYUNDAI,SONATA,2017,Silver,100749,6900,5NPE24AF2KH810908,https://premiumcarsfl.com/wp-content/uploads/2023/11/5NPE24AF2KH810908-02.jpg,https://premiumcarsfl.com/listing/2019-hyundai-sonata-se-sedan-4d/?store=xpremium
Used,123,xpremium,in_store:premium,GMC,TERRAIN,2017,Silver,75395,17900,1GTG5BEA4H1165780,https://premiumcarsfl.com/wp-content/uploads/2023/11/1GTG5BEA4H1165780-02.jpg,https://premiumcarsfl.com/listing/2017-ford-mustang-premium-convertible-2d-2/?store=xpremium
Used,123,xpremium,in_store:premium,FORD,ESCAPE,2017,Black,92624,16900,1FATP8UH7H5292631,https://premiumcarsfl.com/wp-content/uploads/2023/11/1FATP8UH7H5292631-02.jpg,https://premiumcarsfl.com/listing/2017-ford-mustang-premium-convertible-2d/?store=xpremium
Used,123,xpremium,in_store:premium,HONDA,CIVIC,2016,Red,114480,10900,2HGFC2F51GH552534,https://premiumcarsfl.com/wp-content/uploads/2023/11/2HGFC2F51GH552534-02.jpg,https://premiumcarsfl.com/listing/2016-honda-civic-lx-sedan-4d/?store=xpremium
Used,123,xpremium,in_store:premium,FORD,EDGE,2018,Black,87248,13995,2FMPK3J98JBB19403,https://premiumcarsfl.com/wp-content/uploads/2023/11/2FMPK3J98JBB19403-02.jpg,https://premiumcarsfl.com/listing/2018-ford-edge-sel-sport-utility-4d/?store=xpremium
Used,123,xpremium,in_store:premium,HONDA,HR-V,2021,White,118585,14900,3CZRU5H37MM722280,https://premiumcarsfl.com/wp-content/uploads/2023/11/3CZRU5H37MM722280-02-1.jpg,https://premiumcarsfl.com/listing/2021-honda-hr-v-lx-4dr-crossover/?store=xpremium
Used,123,xpremium,in_store:premium,KIA,SOUL,2016,Gray,186752,5900,KNDJP3A51G7349844,https://premiumcarsfl.com/wp-content/uploads/2023/11/KNDJP3A51G7349844-02.jpg,https://premiumcarsfl.com/listing/2014-hyundai-santa-fe-limited-sport-utility-4d-2/?store=xpremium
Used,123,xpremium,in_store:premium,HYUNDAI,"SANTA FE",2014,Gray,129809,8900,KM8SN4HFXEU048238,https://premiumcarsfl.com/wp-content/uploads/2023/11/KM8SN4HFXEU048238-02.jpg,https://premiumcarsfl.com/listing/2014-hyundai-santa-fe-limited-sport-utility-4d/?store=xpremium
Used,123,xpremium,in_store:premium,FORD,EDGE,2017,Gray,118241,12900,2FMPK3K90HBB12504,https://premiumcarsfl.com/wp-content/uploads/2023/11/2FMPK3K90HBB12504-02.jpg,https://premiumcarsfl.com/listing/2017-ford-edge-titanium-sport-utility-4d/?store=xpremium
Used,123,xpremium,in_store:premium,DODGE,JOURNEY,2017,Black,153772,5900,3C4PDCAB1HT694619,https://premiumcarsfl.com/wp-content/uploads/2023/11/3C4PDCAB1HT694619-02.jpg,https://premiumcarsfl.com/listing/2017-dodge-journey-se-sport-utility-4d/?store=xpremium
Used,123,xpremium,in_store:premium,FORD,ESCAPE,2017,Black,119048,7900,1FMCU0GD2HUD10306,https://premiumcarsfl.com/wp-content/uploads/2023/11/1FMCU0GD2HUD10306-02.jpg,https://premiumcarsfl.com/listing/2017-ford-escape-se-sport-utility-4d/?store=xpremium
Used,123,xpremium,in_store:premium,CHEVROLET,BLAZER,2018,Gold,53305,11900,3GNCJKSBXJL199297,https://premiumcarsfl.com/wp-content/uploads/2023/11/3GNCJKSBXJL199297-02.jpg,https://premiumcarsfl.com/listing/2018-chevrolet-trax-ls-4dr-crossover/?store=xpremium
Used,123,xpremium,in_store:premium,CHEVROLET,CRUZE,2015,Black,89446,6900,1G1PC5SB4F7213723,https://premiumcarsfl.com/wp-content/uploads/2023/11/1G1PC5SB4F7213723-02-1.jpg,https://premiumcarsfl.com/listing/2015-chevrolet-cruz-1lt-auto-4dr-sedan-w-1sd/?store=xpremium
Used,123,xpremium,in_store:premium,FORD,F250,2019,Gray,179458,29900,1FT7W2BT5KEE05664,https://premiumcarsfl.com/wp-content/uploads/2023/11/1FT7W2BT5KEE05664-02-1.jpg,https://premiumcarsfl.com/listing/2019-ford-f-250-super-duty-xlt-4x4-4dr-crew-cab-6-8-ft-sb-pickup/?store=xpremium
Used,123,xpremium,in_store:premium,FORD,EXPLORER,2016,Blue,105179,12995,1FM5K7BH5GGC15348,,https://premiumcarsfl.com/listing/2016-ford-explorer-base-4dr-suv/?store=xpremium
Used,123,xpremium,in_store:premium,DODGE,CHARGER,2020,Gray,78562,22900,2C3CDXBG6LH144502,https://premiumcarsfl.com/wp-content/uploads/2023/11/2C3CDXAGXGH283488-02.jpg,https://premiumcarsfl.com/listing/2020-dodge-charger-sxt-4dr-sedan/?store=xpremium
Used,123,xpremium,in_store:premium,DODGE,JOURNEY,2015,Red,74897,8900,3C4PDCAB5FT518511,https://premiumcarsfl.com/wp-content/uploads/2023/11/3C4PDCAB5FT518511-02.jpg,https://premiumcarsfl.com/listing/2015-dodge-journey-american-value-package-4dr-suv-2/?store=xpremium
Used,123,xpremium,in_store:premium,HONDA,CIVIC,2020,Gray,32786,17900,2HGFC2F66LH560082,https://premiumcarsfl.com/wp-content/uploads/2023/11/2HGFC2F66LH560082-02.jpg,https://premiumcarsfl.com/listing/10720/?store=xpremium
Used,123,xpremium,in_store:premium,CHEVROLET,MALIBU,2017,Red,131691,8900,1G1ZE5ST0HF197587,https://premiumcarsfl.com/wp-content/uploads/2023/11/1G1ZE5ST0HF197587-02.jpg,https://premiumcarsfl.com/listing/2017-chevrolet-malibu-lt-sedan-4d/?store=xpremium
Used,123,xpremium,in_store:premium,KIA,SORENTO,2020,Black,84122,13900,5XYPG4A33LG664348,https://premiumcarsfl.com/wp-content/uploads/2023/11/5XYPG4A33LG664348-02.jpg,https://premiumcarsfl.com/listing/2020-kia-sorento-lx-sport-utility-4d/?store=xpremium
Used,123,xpremium,in_store:premium,CHEVROLET,SILVERADO,2021,,58967,26900,1GCRWBEH9MZ174151,https://premiumcarsfl.com/wp-content/uploads/2023/11/1GCRWBEH9MZ174151-02.jpg,https://premiumcarsfl.com/listing/2021-chevrolet-silverado-1500-custom-4x2-4dr-double-cab-6-6-ft-sb/?store=xpremium
Used,123,xpremium,in_store:premium,RAM,,2019,Red,140264,13900,1C6RR6TTXKS532506,https://premiumcarsfl.com/wp-content/uploads/2023/11/1C6RR6TTXKS532506-02.jpg,https://premiumcarsfl.com/listing/2019-ram-ram-pickup-slt-pickup/?store=xpremium
Used,123,xpremium,in_store:premium,NISSAN,MURANO,2017,Blue,133653,12995,5N1AZ2MG3HN108880,https://premiumcarsfl.com/wp-content/uploads/2023/11/5N1AZ2MG3HN108880-02.jpg,https://premiumcarsfl.com/listing/2017-nissan-murano-sl-sport-utility-4d/?store=xpremium
Used,123,xpremium,in_store:premium,CHEVROLET,COLORADO,2018,White,90797,18900,1GCHTBEA1J1155675,https://premiumcarsfl.com/wp-content/uploads/2023/11/1GCHTBEA1J1155675-02.jpg,https://premiumcarsfl.com/listing/2018-chevrolet-colorado-lt-4x4-4dr-crew-cab-6-ft-lb/?store=xpremium
Used,123,xpremium,in_store:premium,CHEVROLET,IMPALA,2016,White,156963,5900,2G1115S34G9205058,https://premiumcarsfl.com/wp-content/uploads/2023/11/2G1115S34G9205058-02.jpg,https://premiumcarsfl.com/listing/2016-chevrolet-impala-sedan-4-dr/?store=xpremium
Used,123,xpremium,in_store:premium,HYUNDAI,SONATA,2016,Black,58614,21900,SNPEGAJAAMHI19423,https://premiumcarsfl.com/wp-content/uploads/2023/11/SNPEGAJAAMHI19423-02.jpg,https://premiumcarsfl.com/listing/2016-hyundai-sonata-se-4dr-sedan/?store=xpremium
Used,123,xpremium,in_store:premium,CHEVROLET,SUBURBAN,2016,Black,129245,23900,1GNSCJKC5GR199105,https://premiumcarsfl.com/wp-content/uploads/2023/11/1GNSCJKC5GR199105-02.jpg,https://premiumcarsfl.com/listing/2016-chevrolet-suburban-ltz-4x2-4dr-suv/?store=xpremium
Used,123,xpremium,in_store:premium,GMC,TERRAIN,2014,White,129245,8900,2GKFLUE37E6130243,https://premiumcarsfl.com/wp-content/uploads/2023/11/2GKFLUE37E6130243-02.jpg,https://premiumcarsfl.com/listing/2014-gmc-terrain-sport-utility-4d/?store=xpremium
Used,123,xpremium,in_store:premium,KIA,,2018,White,131206,8900,5XXGT4L32JG198986,https://premiumcarsfl.com/wp-content/uploads/2023/11/5XXGT4L32JG198986-02.jpg,https://premiumcarsfl.com/listing/2018-kia-optima-s-4dr-sedan/?store=xpremium
Used,123,xpremium,in_store:premium,AUDI,,2014,Black,110891,8995,3LN6L2G90ER824214,https://premiumcarsfl.com/wp-content/uploads/2023/11/3LN6L2G90ER824214-02.jpg,https://premiumcarsfl.com/listing/2014-lincoln-mkz/?store=xpremium
Used,123,xpremium,in_store:premium,ACURA,MDX,2013,Black,126569,11995,2HNYD2H3XDH522082,https://premiumcarsfl.com/wp-content/uploads/2023/11/2HNYD2H3XDH522082-02.jpg,https://premiumcarsfl.com/listing/2013-acura-mdx-sport-utility-4d/?store=xpremium
Used,123,xpremium,in_store:premium,FORD,ESCAPE,2017,Black,110454,8900,1FMCU0GD9HUD34988,https://premiumcarsfl.com/wp-content/uploads/2023/11/1FMCU0GD9HUD34988-02.jpg,https://premiumcarsfl.com/listing/2017-ford-escape-se-sport-utility-4d-2/?store=xpremium
Used,123,xpremium,in_store:premium,HONDA,HR-V,2022,Black,10280,21900,3CZRU5H31NM728528,https://premiumcarsfl.com/wp-content/uploads/2023/11/3CZRU5H31NM728528-02.jpg,https://premiumcarsfl.com/listing/2022-honda-hr-v-lx-sport-utility-4d/?store=xpremium
Used,123,xpremium,in_store:premium,MITSUBISHI,"OUTLANDER SPORT",2018,Blue,158378,8900,JA4AP3AU7JU024447,https://premiumcarsfl.com/wp-content/uploads/2023/11/JA4AP3AU7JU024447-02.jpg,https://premiumcarsfl.com/listing/2018-mitsubishi-outlander-es-sport-utility-4d/?store=xpremium
Used,123,xpremium,in_store:premium,FORD,TAURUS,2013,Black,110736,9900,1FAHP2KT0DG183730,https://premiumcarsfl.com/wp-content/uploads/2023/12/1FAHP2KT0DG183730-03.jpg,https://premiumcarsfl.com/listing/2013-ford-taurus-sho-awd-4dr-sedan/?store=xpremium
Used,123,xpremium,in_store:premium,CHEVROLET,CAMARO,2018,Black,106508,15900,1G1FB1RXXK0126856,https://premiumcarsfl.com/wp-content/uploads/2023/12/1G1FB1RXXK0126856-03.jpg,https://premiumcarsfl.com/listing/2019-chevrolet-camaro-lt-2dr-coupe-w-1lt/?store=xpremium
Used,123,xpremium,in_store:premium,MITSUBISHI,OUTLANDER,2020,Black,81603,18900,JA4AZ3A31LZ041235,https://premiumcarsfl.com/wp-content/uploads/2023/12/JA4AZ3A31LZ041235-03.jpg,https://premiumcarsfl.com/listing/2020-mitsubishi-outlander-le-awd-4dr-suv/?store=xpremium
Used,123,xpremium,in_store:premium,GMC,SIERRA,2015,Black,97752,15900,1GTV2UEC6FZ344799,,https://premiumcarsfl.com/listing/2015-gmc-sierra-1500-sle-4x4-4dr-double-cab-6-5-ft-sb/?store=xpremium
Used,123,xpremium,in_store:premium,TOYOTA,CAMRY,2019,Blue,80219,17900,4T1B11HK0KU189872,https://premiumcarsfl.com/wp-content/uploads/2023/12/4T1B11HK0KU189872-03.jpg,https://premiumcarsfl.com/listing/2019-toyota-camry-se-4dr-sedan/?store=xpremium
Used,123,xpremium,in_store:premium,FORD,EDGE,2019,Black,85909,17900,2FMPK3K91KBB62240,https://premiumcarsfl.com/wp-content/uploads/2023/12/2FMPK3K91KBB62240-02.jpg,https://premiumcarsfl.com/listing/2019-ford-edge-titanium-4dr-crossover/?store=xpremium
Used,123,xpremium,in_store:premium,AUDI,,2021,Blue,42824,18900,5NPEG4JAXMH125807,https://premiumcarsfl.com/wp-content/uploads/2023/12/5NPEG4JAXMH125807-03.jpg,https://premiumcarsfl.com/listing/2021-hyundai-sonata-se-4dr-sedan/?store=xpremium
Used,123,xpremium,in_store:premium,TOYOTA,CAMRY,2018,Silver,116950,13900,JTNB11HK3J3032339,https://premiumcarsfl.com/wp-content/uploads/2023/12/JTNB11HK3J3032339-03.jpg,https://premiumcarsfl.com/listing/2018-toyota-camry-se-4dr-sedan/?store=xpremium
Used,123,xpremium,in_store:premium,AUDI,,2019,GREEN,75642,8900,KNDJN2A23K7921799,https://premiumcarsfl.com/wp-content/uploads/2023/12/KNDJN2A23K7921799-03.jpg,https://premiumcarsfl.com/listing/2019-kia-soul-base-4dr-crossover-6a/?store=xpremium
Used,123,xpremium,in_store:premium,GMC,CANYON,2015,Red,191897,12900,1GTH6BE31F1220749,https://premiumcarsfl.com/wp-content/uploads/2023/12/1GTH6BE31F1220749-02.jpg,https://premiumcarsfl.com/listing/2015-gmc-canyon-sle-4x4-4dr-extended-cab-6-ft-lb/?store=xpremium
Used,123,xpremium,in_store:premium,DODGE,CHALLENGER,2023,Red,6928,27900,2C3CDZJGXPH545800,https://premiumcarsfl.com/wp-content/uploads/2023/12/2C3CDZJGXPH545800-02-1.jpg,https://premiumcarsfl.com/listing/2023-dodge-challenger-gt-2dr-coupe-stock/?store=xpremium
Used,123,xpremium,in_store:premium,GMC,SIERRA,2017,Silver,119588,26900,3GTU2NECXHG197598,https://premiumcarsfl.com/wp-content/uploads/2023/12/3GTU2NECXHG197598-02.jpg,https://premiumcarsfl.com/listing/2017-gmc-sierra-1500-slt-4x4-4dr-crew-cab-6-5-ft-sb-stock/?store=xpremium
Used,123,xpremium,in_store:premium,DODGE,"GRAN CARAVAN",2019,Black,147060,9900,2C4RDGCG9KR693155,https://premiumcarsfl.com/wp-content/uploads/2023/12/2C4RDGCG9KR693155-03.jpg,https://premiumcarsfl.com/listing/2019-dodge-grand-caravan-sxt-35th-anniversary-edition-4dr-mini-van/?store=xpremium
Used,123,xpremium,in_store:premium,FORD,FUSION,2018,Black,131529,8900,3FA6P0G70JR129338,https://premiumcarsfl.com/wp-content/uploads/2023/12/3FA6P0G70JR129338-03.jpg,https://premiumcarsfl.com/listing/2018-ford-fusion-s-4dr-sedan/?store=xpremium
Used,123,xpremium,in_store:premium,HONDA,CIVIC,2019,Black,133872,14900,JHMFC1F30KX002526,https://premiumcarsfl.com/wp-content/uploads/2023/12/JHMFC1F30KX002526-03.jpg,https://premiumcarsfl.com/listing/2019-honda-civic-ex-4dr-sedan/?store=xpremium
Used,123,xpremium,in_store:premium,KIA,SOUL,2015,Gray,143567,6900,KNDJP3A56F7212297,https://premiumcarsfl.com/wp-content/uploads/2023/12/KNDJP3A56F7212297-03.jpg,https://premiumcarsfl.com/listing/2015-kia-soul-4dr-crossover/?store=xpremium
Used,123,xpremium,in_store:premium,DODGE,"GRAN CARAVAN",2020,Gray,81476,16900,2C4RDGCG1LR173839,https://premiumcarsfl.com/wp-content/uploads/2023/12/2C4RDGCG1LR173839-03.jpg,https://premiumcarsfl.com/listing/2020-dodge-grand-caravan-sxt-4dr-mini-van/?store=xpremium
Used,123,xpremium,in_store:premium,KIA,OPTIMA,2016,PEWTER,87680,8900,5XXGT4L36GG026243,https://premiumcarsfl.com/wp-content/uploads/2023/12/5XXGT4L36GG026243-03.jpg,https://premiumcarsfl.com/listing/2016-kia-optima-lx-4dr-sedan/?store=xpremium
Used,123,xpremium,in_store:premium,RAM,1500,2022,White,23426,38900,1C6RRFBG3NN480868,https://premiumcarsfl.com/wp-content/uploads/2023/12/1C6RRFBG3NN480868-03.jpg,https://premiumcarsfl.com/listing/2022-ram-1500-big-horn-4x4-4dr-quad-cab-6-4-ft-sb-pickup/?store=xpremium
Used,123,xpremium,in_store:premium,MITSUBISHI,"ECLIPSE CROSS",2020,White,95135,15900,JA4AS3AA2LZ008201,https://premiumcarsfl.com/wp-content/uploads/2023/12/JA4AS3AA2LZ008201-03.jpg,https://premiumcarsfl.com/listing/2020-mitsubishi-eclipse-cross-es-4dr-crossover/?store=xpremium
Used,123,xpremium,in_store:premium,RAM,PROMASTER,2016,White,102596,20900,3C6TRVAG8GE105258,https://premiumcarsfl.com/wp-content/uploads/2023/12/3C6TRVAG8GE105258-03.jpg,https://premiumcarsfl.com/listing/2016-ram-promaster-1500-136-wb-3dr-low-roof-cargo-van/?store=xpremium
Used,123,xpremium,in_store:premium,JEEP,CHEROKEE,2019,Black,70779,16900,1C4PJMCBXKD352109,https://premiumcarsfl.com/wp-content/uploads/2023/12/1C4PJMCBXKD352109-03.jpg,https://premiumcarsfl.com/listing/2019-jeep-cherokee-latitude-4x4-4dr-suv/?store=xpremium
Used,123,xpremium,in_store:premium,TOYOTA,COROLLA,2022,Black,39775,18900,5YFEPMAE1NP290832,https://premiumcarsfl.com/wp-content/uploads/2023/12/5YFEPMAE1NP290832-03.jpg,https://premiumcarsfl.com/listing/2022-toyota-corolla-le-4dr-sedan/?store=xpremium
Used,123,xpremium,in_store:premium,JEEP,CHEROKEE,2015,White,96552,14900,1C4RJEAG8GC394174,https://premiumcarsfl.com/wp-content/uploads/2023/12/1C4RJEAG8GC394174-03.jpg,https://premiumcarsfl.com/listing/2016-jeep-grand-cherokee-laredo-4x2-4dr-suv/?store=xpremium
Used,123,xpremium,in_store:premium,NISSAN,ALTIMA,2020,Gray,58312,22900,1N4BL4BV3LC207264,https://premiumcarsfl.com/wp-content/uploads/2024/01/1N4BL4BV3LC207264-02-1.jpg,https://premiumcarsfl.com/listing/2020-nissan-altima-sedan-4d/?store=xpremium
Used,123,xpremium,in_store:premium,TOYOTA,COROLLA,2021,Silver,61517,15900,5YFEPMAE7MP219679,https://premiumcarsfl.com/wp-content/uploads/2024/01/5YFEPMAE7MP219679-03.jpg,https://premiumcarsfl.com/listing/2021-toyota-corolla-le-4dr-sedan-4/?store=xpremium
Used,123,xpremium,in_store:premium,HYUNDAI,ELANTRA,2018,Silver,136830,7900,5NPD84LFXJH400864,https://premiumcarsfl.com/wp-content/uploads/2024/01/5NPD84LFXJH400864-03.jpg,https://premiumcarsfl.com/listing/2018-hyundai-elantra-sel-4dr-sedan/?store=xpremium
Used,123,xpremium,in_store:premium,CHRYSLER,PACIFICA,2017,Blue,85444,12900,2C4RC1DG0HR522169,https://premiumcarsfl.com/wp-content/uploads/2023/12/2C4RC1DG0HR522169-03.jpg,https://premiumcarsfl.com/listing/2017-chrysler-pacifica-touring-4dr-mini-van/?store=xpremium
Used,123,xpremium,in_store:premium,HYUNDAI,ELANTRA,2020,Black,52138,14900,5NPD74LF0LH528035,https://premiumcarsfl.com/wp-content/uploads/2023/12/5NPD74LF0LH528035-03.jpg,https://premiumcarsfl.com/listing/2020-hyundai-elantra-se-4dr-sedan/?store=xpremium
Used,123,xpremium,in_store:premium,FORD,ESCAPE,2018,Black,109222,10900,1FMCU0F72JUA33142,https://premiumcarsfl.com/wp-content/uploads/2023/12/1FMCU0F72JUA33142-03.jpg,https://premiumcarsfl.com/listing/2018-ford-escape-s-4dr-suv/?store=xpremium
Used,123,xpremium,in_store:premium,FORD,FUSION,2014,Black,169902,3900,3FA6P0HD1ER133960,https://premiumcarsfl.com/wp-content/uploads/2023/12/3FA6P0HD1ER133960-03.jpg,https://premiumcarsfl.com/listing/2014-ford-fusion-se-4dr-sedan/?store=xpremium
Used,123,xpremium,in_store:premium,FORD,FUSION,2013,Blue,183269,3900,3FA6P0G7XDR364351,https://premiumcarsfl.com/wp-content/uploads/2023/12/3FA6P0G7XDR364351-03.jpg,https://premiumcarsfl.com/listing/2013-ford-fusion-s-4dr-sedan/?store=xpremium
Used,123,xpremium,in_store:premium,NISSAN,MAXIMA,2018,PEWTER,115687,11900,1N4AA6AP4JC368154,https://premiumcarsfl.com/wp-content/uploads/2023/12/1N4AA6AP4JC368154-03.jpg,https://premiumcarsfl.com/listing/2018-nissan-maxima-3-5-sl-4dr-sedan/?store=xpremium
Used,123,xpremium,in_store:premium,KIA,FORTE,2020,Silver,83963,12900,3KPF24AD5LE222039,https://premiumcarsfl.com/wp-content/uploads/2023/12/3KPF24AD5LE222039-03.jpg,https://premiumcarsfl.com/listing/2020-kia-forte-lxs-4dr-sedan/?store=xpremium
Used,123,xpremium,in_store:premium,DODGE,"GRAN CARAVAN",2019,Black,115003,11900,2C4RDGCG6KR513713,https://premiumcarsfl.com/wp-content/uploads/2023/12/2C4RDGCG6KR513713-03.jpg,https://premiumcarsfl.com/listing/2019-dodge-grand-caravan-sxt-35th-anniversary-edition-4dr-mini-van-2/?store=xpremium
Used,123,xpremium,in_store:premium,NISSAN,ALTIMA,2015,Gray,147917,5900,1N4AL3AP9FC126668,https://premiumcarsfl.com/wp-content/uploads/2023/12/1N4AL3AP9FC126668-03.jpg,https://premiumcarsfl.com/listing/2015-nissan-altima-2-5-sv-4dr-sedan/?store=xpremium
Used,123,xpremium,in_store:premium,RAM,PROMASTER,2019,White,94682,16900,ZFBHRFBB9K6L97673,https://premiumcarsfl.com/wp-content/uploads/2024/01/ZFBHRFBB9K6L97673-02.jpg,https://premiumcarsfl.com/listing/2019-ram-promaster-city-slt-4dr-mini-van/?store=xpremium
Used,123,xpremium,in_store:premium,HYUNDAI,"SANTA FE",2017,Blue,122684,7900,KM8SM4HF1HU209258,https://premiumcarsfl.com/wp-content/uploads/2024/01/KM8SM4HF1HU209258-02.jpg,https://premiumcarsfl.com/listing/2019-ford-transit-connect-xl-4dr-lwb-cargo-mini-van-w-rear-doors-3/?store=xpremium
Used,123,xpremium,in_store:premium,FORD,"TRANSIT CONNECT",2015,White,147309,13900,NM0KE6EX9F1210406,https://premiumcarsfl.com/wp-content/uploads/2024/01/NM0KE6EX9F1210406-02.jpg,https://premiumcarsfl.com/listing/2019-ford-transit-connect-xl-4dr-lwb-cargo-mini-van-w-rear-doors-2/?store=xpremium
Used,123,xpremium,in_store:premium,TOYOTA,RAV4,2020,White,104861,17900,2T3H1RFV2LC050584,https://premiumcarsfl.com/wp-content/uploads/2024/01/2T3H1RFV2LC050584-02.jpg,https://premiumcarsfl.com/listing/2019-ford-transit-connect-xl-4dr-lwb-cargo-mini-van-w-rear-doors/?store=xpremium
Used,123,xpremium,in_store:premium,FORD,"TRANSIT CONNECT",2019,White,105749,18900,NM0LS7E21K1429734,https://premiumcarsfl.com/wp-content/uploads/2024/01/NM0LS7E21K1429734-02.jpg,https://premiumcarsfl.com/listing/2019-ford-transit-connect-xl-4dr-cargo-mini-van/?store=xpremium
Used,123,xpremium,in_store:premium,CHEVROLET,BLAZER,2017,White,164230,13900,1GCRCNEC7HZ120612,https://premiumcarsfl.com/wp-content/uploads/2024/01/1GCRCNEC7HZ120612-02.jpg,https://premiumcarsfl.com/listing/2017-chevrolet-silverado-1500/?store=xpremium
Used,123,xpremium,in_store:premium,FORD,FUSION,2017,White,104484,8900,3FA6P0HD1HR116340,https://premiumcarsfl.com/wp-content/uploads/2024/01/3FA6P0HD1HR116340-02.jpg,https://premiumcarsfl.com/listing/2017-ford-fusion-se-sedan-4d/?store=xpremium
Used,123,xpremium,in_store:premium,NISSAN,ROGUE,2018,Black,102491,10900,KNMAT2MT1JP613653,https://premiumcarsfl.com/wp-content/uploads/2024/01/KNMAT2MT1JP613653-02.jpg,https://premiumcarsfl.com/listing/2018-nissan-rogue-s-sport-utility-4d/?store=xpremium
Used,123,xpremium,in_store:premium,MITSUBISHI,"ECLIPSE CROSS",2019,Black,81646,11900,JA4AT3AA0KZ034209,https://premiumcarsfl.com/wp-content/uploads/2024/01/JA4AT3AA0KZ034209-02.jpg,https://premiumcarsfl.com/listing/2019-mitsubishi-eclipse-cross-es-sport-utility-4d/?store=xpremium
Used,123,xpremium,in_store:premium,BMW,,2017,Gray,111521,10900,5UXWZ7C57H0T44094,https://premiumcarsfl.com/wp-content/uploads/2024/01/5UXWZ7C57H0T44094-02.jpg,https://premiumcarsfl.com/listing/2017-bmw-x3-sdrive28i-4dr-suv/?store=xpremium
Used,123,xpremium,in_store:premium,FORD,EDGE,2020,Silver,74518,14900,MAJ6S3KL7LC365426,https://premiumcarsfl.com/wp-content/uploads/2024/01/MAJ6S3KL7LC365426-02.jpg,https://premiumcarsfl.com/listing/2020-ford-ecosport-titanium-4dr-crossover/?store=xpremium
Used,123,xpremium,in_store:premium,CADILLAC,,2014,White,100764,8900,1G6AG5RX0E0145918,https://premiumcarsfl.com/wp-content/uploads/2024/01/1G6AG5RX0E0145918-02-2.jpg,https://premiumcarsfl.com/listing/2014-cadillac-ats-2-0t-4dr-sedan/?store=xpremium
Used,123,xpremium,in_store:premium,KIA,SPORTAGE,2020,Gold,88289,14900,KNDPM3AC1L7722439,https://premiumcarsfl.com/wp-content/uploads/2024/02/KNDPM3AC1L7722439-02.jpg,https://premiumcarsfl.com/listing/2020-kia-sportage-lx/?store=xpremium
Used,123,xpremium,in_store:premium,KIA,SOUL,2021,Red,63161,14900,KNDJ23AU1M7748058,https://premiumcarsfl.com/wp-content/uploads/2024/02/KNDJ23AU1M7748058-02.jpg,https://premiumcarsfl.com/listing/2021-kia-soul-wagon/?store=xpremium
Used,123,xpremium,in_store:premium,HYUNDAI,TUCSON,2020,Silver,36420,17900,KM8J23A44LU265966,https://premiumcarsfl.com/wp-content/uploads/2024/02/KM8J23A44LU265966-02.jpg,https://premiumcarsfl.com/listing/2020-hyundai-tucson-se/?store=xpremium
Used,123,xpremium,in_store:premium,KIA,SOUL,2023,Gray,35680,16900,KNDJ23AU4P7204139,https://premiumcarsfl.com/wp-content/uploads/2024/02/KNDJ23AU4P7204139-02.jpg,https://premiumcarsfl.com/listing/2023-kia-soul-s-sport-wagon/?store=xpremium
Used,123,xpremium,in_store:premium,FORD,FUSION,2018,Gray,94219,10900,3FA6P0HD7JR188987,https://premiumcarsfl.com/wp-content/uploads/2024/02/3FA6P0HD7JR188987-02-1.jpg,https://premiumcarsfl.com/listing/2018-ford-fusion-se-4dr-sedan/?store=xpremium
Used,123,xpremium,in_store:premium,PORSCHE,PANAMERA,2020,White,23426,68900,WP0AA2A77LL103783,https://premiumcarsfl.com/wp-content/uploads/2024/02/WP0AA2A77LL103783-02-1.jpg,https://premiumcarsfl.com/listing/2020-porsche-panamera-4-awd/?store=xpremium
Used,123,xpremium,in_store:premium,BMW,PANAMERA,2018,White,90926,22900,WBA8B9G52JNU98092,https://premiumcarsfl.com/wp-content/uploads/2024/02/WBABB9G52JNU98092-02.jpg,https://premiumcarsfl.com/listing/2018-bmw-3-series-330i-xdrive-4dr-sedan/?store=xpremium
Used,123,xpremium,in_store:premium,TOYOTA,COROLLA,2021,Black,79343,17900,5YFS4MCE1MP064765,https://premiumcarsfl.com/wp-content/uploads/2024/02/5YFS4MCE1MP064765-02.jpg,https://premiumcarsfl.com/listing/2021-toyota-corolla-se-4dr-sedan-2/?store=xpremium
Used,123,xpremium,in_store:premium,TOYOTA,COROLLA,2021,White,74104,18900,JTDS4MCE8MJ065013,https://premiumcarsfl.com/wp-content/uploads/2024/02/JTDS4MCE8MJ065013-02.jpg,https://premiumcarsfl.com/listing/2021-toyota-corolla-se-4dr-sedan/?store=xpremium
Used,123,xpremium,in_store:premium,NISSAN,SENTRA,2019,Gray,99564,11900,3N1CB7AP4KY229367,https://premiumcarsfl.com/wp-content/uploads/2024/02/3N1CB7AP4KY229367-02.jpg,https://premiumcarsfl.com/listing/2018-hyundai-elantra-sel-4dr-sedan-2-3/?store=xpremium
Used,123,xpremium,in_store:premium,KIA,OPTIMA,2018,Black,76807,14900,5XXGU4L13KG286104,https://premiumcarsfl.com/wp-content/uploads/2024/02/5XXGU4L13KG286104-02.jpg,https://premiumcarsfl.com/listing/2018-hyundai-elantra-sel-4dr-sedan-2-2/?store=xpremium
Used,123,xpremium,in_store:premium,HYUNDAI,ELANTRA,2018,Black,119572,8900,5NPD84LF4JH368686,https://premiumcarsfl.com/wp-content/uploads/2024/02/5NPD84LF4JH368686-02.jpg,https://premiumcarsfl.com/listing/2018-hyundai-elantra-sel-4dr-sedan-2/?store=xpremium
Used,123,xpremium,in_store:premium,JEEP,CHEROKEE,2016,Black,60184,16900,1C4PJMCS8GW286526,https://premiumcarsfl.com/wp-content/uploads/2024/02/1C4PJMCS8GW286526-02.jpg,https://premiumcarsfl.com/listing/2016-jeep-cherokee-4wd-latitude/?store=xpremium
Used,123,xpremium,in_store:premium,FORD,ESCAPE,2020,Gold,33401,17900,1FMCU0G68LUC20989,https://premiumcarsfl.com/wp-content/uploads/2024/02/1FMCU0G68LUC20989-02.jpg,https://premiumcarsfl.com/listing/2020-ford-escape-se/?store=xpremium
Used,123,xpremium,in_store:premium,CHEVROLET,CRUZE,2018,Red,139412,7400,1G1BE5SM8J7135641,https://premiumcarsfl.com/wp-content/uploads/2024/02/1G1BE5SM8J7135641-02.jpg,https://premiumcarsfl.com/listing/2018-chevrolet-cruze-lt-auto/?store=xpremium
Used,123,xpremium,in_store:premium,HYUNDAI,ELANTRA,2020,White,57256,14995,5NPD84LF4LH603669,https://premiumcarsfl.com/wp-content/uploads/2024/02/5NPD84LF4LH603669-02.jpg,https://premiumcarsfl.com/listing/2020-hyundai-elantra-value-edition-4dr-sedan/?store=xpremium
Used,123,xpremium,in_store:premium,HYUNDAI,ELANTRA,2017,Silver,112320,7900,5NPD74LF0HH184746,https://premiumcarsfl.com/wp-content/uploads/2024/02/5NPD74LF0HH184746-02.jpg,https://premiumcarsfl.com/listing/2017-hyundai-elantra-se/?store=xpremium
Used,123,xpremium,in_store:premium,FORD,"TRANSIT CONNECT",2016,Black,107619,19900,1FTYE1YM7GKA38311,https://premiumcarsfl.com/wp-content/uploads/2024/02/1FTYE1YM7GKA38311-02.jpg,https://premiumcarsfl.com/listing/2016-ford-transit-150-v-6-engine-high-roof/?store=xpremium
Used,123,xpremium,in_store:premium,CHEVROLET,EQUINOX,2018,Black,42897,15900,2GNAXHEV3J6344280,,https://premiumcarsfl.com/listing/2018-chevrolet-equinox-suv-w-1-ls/?store=xpremium
Used,123,xpremium,in_store:premium,GMC,CANYON,2016,White,93658,21900,1GKS1GKC0GR391375,https://premiumcarsfl.com/wp-content/uploads/2024/02/1GKS1GKC0GR391375-02.jpg,https://premiumcarsfl.com/listing/gmc-yukon-xl-slt-4x2-suv/?store=xpremium
Used,123,xpremium,in_store:premium,HYUNDAI,SONATA,2016,White,98637,9100,5NPE24AA7GH390073,https://premiumcarsfl.com/wp-content/uploads/2024/02/5NPE24AA7GH390073-02.jpg,https://premiumcarsfl.com/listing/hyundai-sonata-eco-4dr-sedan/?store=xpremium
Used,123,xpremium,in_store:premium,FORD,EXPLORER,2017,Black,65583,16900,1FM5K7D89HGC51770,https://premiumcarsfl.com/wp-content/uploads/2024/02/1FM5K7D89HGC51770-02.jpg,https://premiumcarsfl.com/listing/2017-ford-explorer-xlt/?store=xpremium
Used,123,xpremium,in_store:premium,BMW,328d,2014,Black,98320,10800,WBA3D5C57EKX99077,https://premiumcarsfl.com/wp-content/uploads/2024/02/WBA3D5C57EKX99077-02.jpg,https://premiumcarsfl.com/listing/328d-xdrive-awd-4dr-sedan/?store=xpremium
Used,123,xpremium,in_store:premium,TOYOTA,C-HR,2019,Silver,89784,16400,JTNKHMBX7K1036523,https://premiumcarsfl.com/wp-content/uploads/2024/02/JTNKHMBX7K1036523-02.jpg,https://premiumcarsfl.com/listing/2019-toyota-c-hr/?store=xpremium
Used,123,xpremium,in_store:premium,CHEVROLET,EQUINOX,2020,White,94269,13900,2GNAXKEV9L6220739,https://premiumcarsfl.com/wp-content/uploads/2024/02/2GNAXKEV9L6220739-02.jpg,https://premiumcarsfl.com/listing/2020-chevrolet-equinox-lt/?store=xpremium
Used,123,xpremium,in_store:premium,NISSAN,SENTRA,2019,Black,94963,9900,3N1AB7AP9KY278538,https://premiumcarsfl.com/wp-content/uploads/2024/02/3NIAB7AP9KY278538-02.jpg,https://premiumcarsfl.com/listing/15168/?store=xpremium
Used,123,xpremium,in_store:premium,NISSAN,ROGUE,2018,Black,102491,10900,KNMAT2MT1JP613653,https://premiumcarsfl.com/wp-content/uploads/2024/02/KNMAT2MT1JP613653-02.jpg,https://premiumcarsfl.com/listing/2018-nissan-rogue-s/?store=xpremium
Used,123,xpremium,in_store:premium,NISSAN,PATHFINDER,2020,Gray,94323,14900,5N1DR2AN2LC578838,https://premiumcarsfl.com/wp-content/uploads/2024/02/5N1DR2AN2LC578838-02.jpg,https://premiumcarsfl.com/listing/2020-nissan-pathfinder-s/?store=xpremium
Used,123,xpremium,in_store:premium,KIA,FORTE,2020,Silver,78246,10900,3KPF24AD9LE200965,https://premiumcarsfl.com/wp-content/uploads/2024/02/3KPF24AD9LE200965-02.jpg,https://premiumcarsfl.com/listing/2020-kia-forte-lxs/?store=xpremium
Used,123,xpremium,in_store:premium,JEEP,"GRAND CHEROKEE",2014,White,135288,8900,1C4RJFAG7EC280167,https://premiumcarsfl.com/wp-content/uploads/2024/02/1C4RJFAG7EC280167-02.jpg,https://premiumcarsfl.com/listing/2014-jeep-grand-cherokee-4x4/?store=xpremium
Used,123,xpremium,in_store:premium,FORD,ESCAPE,2017,Gray,65577,10900,1FMCU0GD8HUE86518,https://premiumcarsfl.com/wp-content/uploads/2024/02/1FMCU0GD8HUE86518-02.jpg,https://premiumcarsfl.com/listing/2017-ford-escape-se/?store=xpremium
Used,123,xpremium,in_store:premium,HYUNDAI,TUCSON,2016,Blue,91463,9900,KM8J23A44GU181829,https://premiumcarsfl.com/wp-content/uploads/2024/02/KM8J23A44GU181829-02.jpg,https://premiumcarsfl.com/listing/2016-hyundai-tucson-se/?store=xpremium
Used,123,xpremium,in_store:premium,HYUNDAI,ELANTRA,2017,Blue,127360,7900,KMHD35LH2HU373662,https://premiumcarsfl.com/wp-content/uploads/2024/02/KMHD35LH2HU373662-02.jpg,https://premiumcarsfl.com/listing/2017-hyundai-elantra-gt-hatchback-4d/?store=xpremium
Used,123,xpremium,in_store:premium,GMC,YUKON,2016,White,93658,21900,1GKS1GKC0GR391375,https://premiumcarsfl.com/wp-content/uploads/2024/02/1GKS1GKC0GR391375-02-1.jpg,https://premiumcarsfl.com/listing/2016-gmc-yukon-lx/?store=xpremium
Used,123,xpremium,in_store:premium,KIA,OPTIMA,2016,Black,122493,7900,5XXGT4L35GG016027,https://premiumcarsfl.com/wp-content/uploads/2024/02/5XXGT4L35GG016027-02.jpg,https://premiumcarsfl.com/listing/2016-kia-optima-lx-2/?store=xpremium
Used,123,xpremium,in_store:premium,KIA,OPTIMA,2016,Red,90627,6900,5XXGT4L30GG076670,https://premiumcarsfl.com/wp-content/uploads/2024/02/5XXGT4L30GG076670-02.jpg,https://premiumcarsfl.com/listing/2016-kia-optima-lx/?store=xpremium
Used,123,xpremium,in_store:premium,HYUNDAI,ELANTRA,2017,Blue,120890,7900,KMHD74LF6HU397721,https://premiumcarsfl.com/wp-content/uploads/2024/03/KMHD74LF6HU397721-02.jpg,https://premiumcarsfl.com/listing/2017-hyundai-elantra-se-2/?store=xpremium
Used,123,xpremium,in_store:premium,FORD,EXPLORER,2016,Black,118630,9900,1FM5K7B8XGGB83657,https://premiumcarsfl.com/wp-content/uploads/2024/03/1FM5K7B8XGGB83657-02.jpg,https://premiumcarsfl.com/listing/2016-ford-explorer/?store=xpremium
Used,123,xpremium,in_store:premium,CHEVROLET,SONIC,2017,White,89176,8900,1G1JG6SH8H4166611,https://premiumcarsfl.com/wp-content/uploads/2024/03/1G1JG6SH8H4166611-02.jpg,https://premiumcarsfl.com/listing/2017-chevrolet-sonic-lt-auto-fleet/?store=xpremium
Used,123,xpremium,in_store:premium,TOYOTA,Sienna,2012,Red,134146,8900,5TDKK3DC3CS266168,https://premiumcarsfl.com/wp-content/uploads/2024/02/5TDKK3DC3CS266168-02-1.jpg,https://premiumcarsfl.com/listing/2012-toyota-sienna-2/?store=xpremium
Used,123,xpremium,in_store:premium,TOYOTA,4RUNNER,,,,8900,5TDKK3DC3CS266168,https://premiumcarsfl.com/wp-content/uploads/2024/02/5TDKK3DC3CS266168-02.jpg,https://premiumcarsfl.com/listing/2012-toyota-sienna/?store=xpremium
Used,123,xpremium,in_store:premium,NISSAN,VERSA,2020,White,45458,12900,3N1CN8EV7LL804033,https://premiumcarsfl.com/wp-content/uploads/2024/02/3N1CN8EV7LL804033-02.jpg,https://premiumcarsfl.com/listing/2020-nissan-versa-sv/?store=xpremium
Used,123,xpremium,in_store:premium,TOYOTA,COROLLA,2020,Gray,83796,12900,JTDEPRAE4LJ071054,https://premiumcarsfl.com/wp-content/uploads/2024/02/JTDEPRAE4LJ071054-02.jpg,https://premiumcarsfl.com/listing/2020toyota-corolla-le/?store=xpremium
Used,123,xpremium,in_store:premium,TOYOTA,COROLLA,2019,Black,34794,14900,2T1BURHE9KC214298,https://premiumcarsfl.com/wp-content/uploads/2024/02/2T1BURHE9KC214298-02.jpg,https://premiumcarsfl.com/listing/2019-toyota-corolla-le/?store=xpremium
Used,123,xpremium,in_store:premium,TOYOTA,COROLLA,2018,Black,131516,9900,2T1BURHE9JC102230,https://premiumcarsfl.com/wp-content/uploads/2024/02/2T1BURHE9JC102230-02.jpg,https://premiumcarsfl.com/listing/2018-toyota-corolla-le/?store=xpremium
Used,123,xpremium,in_store:premium,NISSAN,"ROGUE SPORT",2017,Red,122215,10900,JN1BJ1CP9HW015984,https://premiumcarsfl.com/wp-content/uploads/2024/02/JN1BJ1CP9HW015984-02.jpg,https://premiumcarsfl.com/listing/2017-nissan-rogue-sport/?store=xpremium
Used,123,xpremium,in_store:premium,KIA,SORENTO,2017,Red,90336,9900,5XYPG4A57HG254208,https://premiumcarsfl.com/wp-content/uploads/2024/02/5XYPG4A57HG254208-02-1.jpg,https://premiumcarsfl.com/listing/2017-kia-sorento-lx-v6/?store=xpremium
Used,123,xpremium,in_store:premium,HONDA,PILOT,2018,Silver,109849,15900,5FNYF5H33JB015043,https://premiumcarsfl.com/wp-content/uploads/2024/02/5FNYF5H33JB015043-02.jpg,https://premiumcarsfl.com/listing/2018-honda-pilot-ex/?store=xpremium
Used,123,xpremium,in_store:premium,FORD,ESCAPE,2015,White,78739,6900,1FADP3F26FL249634,https://premiumcarsfl.com/wp-content/uploads/2023/10/IFADP3F26FL249634-02.jpg,https://premiumcarsfl.com/listing/2015-ford-focus-se-4dr-sedan/?store=xpremium
Used,123,xpremium,in_store:premium,HONDA,CIVIC,2021,Silver,24863,17900,SHHFK7H9XMU413131,https://premiumcarsfl.com/wp-content/uploads/2023/09/hondacivic2021-02.jpg,https://premiumcarsfl.com/listing/2021-honda-civic/?store=xpremium
Used,123,xpremium,in_store:premium,HYUNDAI,ELANTRA,2020,Gray,57738,6900,5NPD84LF8LH630311,https://premiumcarsfl.com/wp-content/uploads/2024/03/5NPD84LF8LH630311-02.jpg,https://premiumcarsfl.com/listing/2020-hyundai-elantra-sel-2/?store=xpremium
Used,123,xpremium,in_store:premium,HYUNDAI,ELANTRA,2020,Gray,85721,11900,5NPD84LF4LH575761,https://premiumcarsfl.com/wp-content/uploads/2024/03/5NPD84LF4LH575761-02.jpg,https://premiumcarsfl.com/listing/2020-hyundai-elantra-sel/?store=xpremium
Used,123,xpremium,in_store:premium,HONDA,CIVIC,2020,Gray,53630,14900,2HGFC2F69LH509529,https://premiumcarsfl.com/wp-content/uploads/2024/03/2HGFC2F69LH509529-02-1.jpg,https://premiumcarsfl.com/listing/2020-honda-civic-lx/?store=xpremium
Used,123,xpremium,in_store:premium,HONDA,ACCORD,2020,White,126890,14900,1HGCV1F31LA095190,https://premiumcarsfl.com/wp-content/uploads/2024/03/1HGCV1F31LA095190-02.jpg,https://premiumcarsfl.com/listing/2020-honda-accord-sport/?store=xpremium
Used,123,xpremium,in_store:premium,TOYOTA,RAV4,2020,White,47591,22900,2T3W1RFV0LC054785,https://premiumcarsfl.com/wp-content/uploads/2024/03/2T3W1RFV0LC054785-02.jpg,https://premiumcarsfl.com/listing/2020-toyota-rav4-xle/?store=xpremium
Used,123,xpremium,in_store:premium,TOYOTA,C-HR,2019,Blue,78934,14900,JTNKHMBX4K1060052,https://premiumcarsfl.com/wp-content/uploads/2024/03/JTNKHMBX4K1060052-02.jpg,https://premiumcarsfl.com/listing/2019-toyota-c-hr-xle/?store=xpremium
Used,123,xpremium,in_store:premium,NISSAN,ALTIMA,2018,Black,92581,10900,1N4AL3AP2JC204491,https://premiumcarsfl.com/wp-content/uploads/2024/03/1N4AL3AP2JC204491-02.jpg,https://premiumcarsfl.com/listing/2018-nissan-altima/?store=xpremium
Used,123,xpremium,in_store:premium,MAZDA,CX-5,2017,Gray,82787,13900,JM3KFACL1H0112618,https://premiumcarsfl.com/wp-content/uploads/2024/03/JM3KFACL1H0112618-02.jpg,https://premiumcarsfl.com/listing/2017-mazda-cx-5-touring/?store=xpremium
Used,123,xpremium,in_store:premium,KIA,FORTE,2018,White,76750,9900,3KPFK4A71JE239430,https://premiumcarsfl.com/wp-content/uploads/2024/03/3KPFK4A71JE239430-02.jpg,https://premiumcarsfl.com/listing/2018-kia-forte-lx/?store=xpremium
Used,123,xpremium,in_store:premium,KIA,FORTE,2021,Gray,86437,10900,3KPF24AD3ME306118,https://premiumcarsfl.com/wp-content/uploads/2024/03/3KPF24AD3ME306118-02.jpg,https://premiumcarsfl.com/listing/2021-kia-forte-lxs/?store=xpremium
